{
  "project_info": {
    "project_number": "75687507319",
    "project_id": "flutter-taxi-app-2b764",
    "storage_bucket": "flutter-taxi-app-2b764.appspot.com"
  },
  "client": [
    {
      "client_info": {
        "mobilesdk_app_id": "1:75687507319:android:5216ad42cd9687e79c1d72",
        "android_client_info": {
          "package_name": "com.taxi.driver"
        }
      },
      "oauth_client": [
        {
          "client_id": "75687507319-u4tip1ee7t5vhvh5bo5egogbnfkq88q9.apps.googleusercontent.com",
          "client_type": 3
        }
      ],
      "api_key": [
        {
          "current_key": "AIzaSyBJNgaYZ-SI0Slc00kEriCPxbzAIsus9G4"
        }
      ],
      "services": {
        "appinvite_service": {
          "other_platform_oauth_client": [
            {
              "client_id": "75687507319-u4tip1ee7t5vhvh5bo5egogbnfkq88q9.apps.googleusercontent.com",
              "client_type": 3
            }
          ]
        }
      }
    },
    {
      "client_info": {
        "mobilesdk_app_id": "1:75687507319:android:d3c3f29aa95a19269c1d72",
        "android_client_info": {
          "package_name": "com.taxi.rider"
        }
      },
      "oauth_client": [
        {
          "client_id": "75687507319-u4tip1ee7t5vhvh5bo5egogbnfkq88q9.apps.googleusercontent.com",
          "client_type": 3
        }
      ],
      "api_key": [
        {
          "current_key": "AIzaSyBJNgaYZ-SI0Slc00kEriCPxbzAIsus9G4"
        }
      ],
      "services": {
        "appinvite_service": {
          "other_platform_oauth_client": [
            {
              "client_id": "75687507319-u4tip1ee7t5vhvh5bo5egogbnfkq88q9.apps.googleusercontent.com",
              "client_type": 3
            }
          ]
        }
      }
    }
  ],
  "configuration_version": "1"
}